[{"vesion":"1.65","linkd":"https://youtu.be/fpQIdraJez4","msg":"Nova Vesão Disponivel Atualize o quanto antes, use o script 1.64.sh pra atualizar, mesmo que a versão mais atual seja 1.65","link":"https://llinkon.com/albion1_64"},{"vesion":"1.65","linkd":"https://youtu.be/fpQIdraJez4","msg":"Nova Vesão Disponivel Atualize o quanto antes, use o script 1.64.sh pra atualizar, mesmo que a versão mais atual seja 1.65","link":"https://llinkon.com/albion1_64"},{"vesion":"1.65","linkd":"https://youtu.be/fpQIdraJez4","msg":"Nova Vesão Disponivel Atualize o quanto antes, use o script 1.64.sh pra atualizar, mesmo que a versão mais atual seja 1.65","link":"https://llinkon.com/albion1_64"},{"vesion":"1.65","linkd":"https://youtu.be/fpQIdraJez4","msg":"Nova Vesão Disponivel Atualize o quanto antes, use o script 1.64.sh pra atualizar, mesmo que a versão mais atual seja 1.65","link":"https://llinkon.com/albion1_64"},{"vesion":"1.65","linkd":"https://youtu.be/fpQIdraJez4","msg":"Nova Vesão Disponivel Atualize o quanto antes, use o script 1.64.sh pra atualizar, mesmo que a versão mais atual seja 1.65","link":"https://llinkon.com/albion1_64"},{"vesion":"1.65","linkd":"https://youtu.be/fpQIdraJez4","msg":"Nova Vesão Disponivel Atualize o quanto antes, use o script 1.64.sh pra atualizar, mesmo que a versão mais atual seja 1.65","link":"https://llinkon.com/albion1_64"},{"vesion":"1.65","linkd":"https://youtu.be/fpQIdraJez4","msg":"Nova Vesão Disponivel Atualize o quanto antes, use o script 1.64.sh pra atualizar, mesmo que a versão mais atual seja 1.65","link":"https://llinkon.com/albion1_64"},{"vesion":"1.65","linkd":"https://youtu.be/fpQIdraJez4","msg":"Nova Vesão Disponivel Atualize o quanto antes, use o script 1.64.sh pra atualizar, mesmo que a versão mais atual seja 1.65","link":"https://llinkon.com/albion1_64"},{"vesion":"1.65","linkd":"https://youtu.be/fpQIdraJez4","msg":"Nova Vesão Disponivel Atualize o quanto antes, use o script 1.64.sh pra atualizar, mesmo que a versão mais atual seja 1.65","link":"https://llinkon.com/albion1_64"},{"vesion":"1.65","linkd":"https://youtu.be/fpQIdraJez4","msg":"Nova Vesão Disponivel Atualize o quanto antes, use o script 1.64.sh pra atualizar, mesmo que a versão mais atual seja 1.65","link":"https://llinkon.com/albion1_64"},{"vesion":"1.65","linkd":"https://youtu.be/fpQIdraJez4","msg":"Nova Vesão Disponivel Atualize o quanto antes, use o script 1.64.sh pra atualizar, mesmo que a versão mais atual seja 1.65","link":"https://llinkon.com/albion1_64"},{"vesion":"1.65","linkd":"https://youtu.be/fpQIdraJez4","msg":"Nova Vesão Disponivel Atualize o quanto antes, use o script 1.64.sh pra atualizar, mesmo que a versão mais atual seja 1.65","link":"https://llinkon.com/albion1_64"}]