[{"jid":"19497446650@s.whatsapp.net","xp":35982,"level":3},{"jid":"557398506859@s.whatsapp.net","xp":52500,"level":4},{"jid":"553191266766@s.whatsapp.net","xp":13500,"level":2},{"jid":"994400609909@s.whatsapp.net","xp":12500,"level":2},{"jid":"5516974047979@s.whatsapp.net","xp":13300,"level":1},{"jid":"5517996611342@s.whatsapp.net","xp":31500,"level":3},{"jid":"994401844370@s.whatsapp.net","xp":14500,"level":2},{"jid":"557399488860@s.whatsapp.net","xp":18940,"level":2},{"jid":"17542413874@s.whatsapp.net","xp":6500,"level":1},{"jid":"48699558078@s.whatsapp.net","xp":500,"level":1},{"jid":"558179044150@s.whatsapp.net","xp":66376,"level":4},{"jid":"5527996961367@s.whatsapp.net","xp":2000,"level":1},{"jid":"5511950446735@s.whatsapp.net","xp":26500,"level":3},{"jid":"556899917609@s.whatsapp.net","xp":8000,"level":1},{"jid":"14134061793@s.whatsapp.net","xp":1500,"level":1},{"jid":"994407778003@s.whatsapp.net","xp":12000,"level":2},{"jid":"553194711683@s.whatsapp.net","xp":7000,"level":1},{"jid":"994402178149@s.whatsapp.net","xp":17000,"level":2},{"jid":"558894423227@s.whatsapp.net","xp":21000,"level":3},{"jid":"5511962152817@s.whatsapp.net","xp":1500,"level":1},{"jid":"15135486974@s.whatsapp.net","xp":47000,"level":4},{"jid":"558893014305@s.whatsapp.net","xp":23500,"level":3},{"jid":"258846582122@s.whatsapp.net","xp":38000,"level":3},{"jid":"994405352677@s.whatsapp.net","xp":22500,"level":3},{"jid":"12362373317@s.whatsapp.net","xp":18920,"level":2},{"jid":"5517996468459@s.whatsapp.net","xp":22500,"level":3},{"jid":"5511969765408@s.whatsapp.net","xp":6000,"level":1},{"jid":"5511911250555@s.whatsapp.net","xp":9000,"level":1},{"jid":"554398354465@s.whatsapp.net","xp":3500,"level":1},{"jid":"15176824528@s.whatsapp.net","xp":1000,"level":1},{"jid":"5511976979284@s.whatsapp.net","xp":4490,"level":1},{"jid":"558888625538@s.whatsapp.net","xp":2000,"level":1},{"jid":"5354931964@s.whatsapp.net","xp":8000,"level":1},{"jid":"556993062099@s.whatsapp.net","xp":500,"level":1},{"jid":"558781121295@s.whatsapp.net","xp":500,"level":1},{"jid":"5516999469735@s.whatsapp.net","xp":9958093,"level":4},{"jid":"13368631590@s.whatsapp.net","xp":32128,"level":3},{"jid":"14133591798@s.whatsapp.net","xp":4000,"level":1},{"jid":"15614626100@s.whatsapp.net","xp":1460,"level":1},{"jid":"557498193736@s.whatsapp.net","xp":3880,"level":1},{"jid":"19252046906@s.whatsapp.net","xp":7000,"level":1},{"jid":"558185278197@s.whatsapp.net","xp":2500,"level":1},{"jid":"48699519031@s.whatsapp.net","xp":19700,"level":2},{"jid":"558694359591@s.whatsapp.net","xp":500,"level":1},{"jid":"557599293922@s.whatsapp.net","xp":1000,"level":1},{"jid":"559285533791@s.whatsapp.net","xp":1500,"level":1},{"jid":"556784257450@s.whatsapp.net","xp":1000,"level":1},{"jid":"558173358063@s.whatsapp.net","xp":1000,"level":1},{"jid":"555198183837@s.whatsapp.net","xp":5500,"level":1},{"jid":"557381707801@s.whatsapp.net","xp":4000,"level":1},{"jid":"258845475867@s.whatsapp.net","xp":1000,"level":1}]