[{"numero":"5516999469735","name":"albionlsllss","idade":"18","Nome_Do_grupo":"🇧  🇴  ​🇹  ​🇹  🇪  ​🇸  ​🇹","titulo":"Albionghjghg","img":"https://chat.whatsapp.com/Cmm3T5KPhxI2IUPfXZJPhl","messege":"Invalido","time1":"12/05 13:12:02","contype":"0","desc":"Não registrado"},{"numero":"5516999469735","name":"albionlsllss","idade":"18","Nome_Do_grupo":"🇧  🇴  ​🇹  ​🇹  🇪  ​🇸  ​🇹","titulo":"Albionghjghg","img":"https://chat.whatsapp.com/Cmm3T5KPhxI2IUPfXZJPhl","messege":"Invalido","time1":"12/05 13:13:46","contype":"0","desc":"Não registrado"},{"numero":"5516999469735","name":"albionlsllss","idade":"18","Nome_Do_grupo":"🇧  🇴  ​🇹  ​🇹  🇪  ​🇸  ​🇹","titulo":"Albionghjghg","img":"https://chat.whatsapp.com/Cmm3T5KPhxI2IUPfXZJPhl","messege":"Invalido","time1":"12/05 13:14:40","contype":"0","desc":"Não registrado"},{"numero":"5516999469735","name":"albionlsllss","idade":"18","Nome_Do_grupo":"🇧  🇴  ​🇹  ​🇹  🇪  ​🇸  ​🇹","titulo":"Albionghjghg","img":"https://chat.whatsapp.com/Cmm3T5KPhxI2IUPfXZJPhl","messege":"Invalido","time1":"12/05 13:15:53","contype":"0","desc":"Não registrado"},{"numero":"5516999469735","name":"albionlsllss","idade":"18","Nome_Do_grupo":"🇧  🇴  ​🇹  ​🇹  🇪  ​🇸  ​🇹","titulo":"Albionghjghg","img":"https://chat.whatsapp.com/Cmm3T5KPhxI2IUPfXZJPhl","messege":"Invalido","time1":"12/05 13:17:16","contype":"0","desc":"Não registrado"},{"numero":"5516999469735","name":"albionlsllss","idade":"18","Nome_Do_grupo":"🇧  🇴  ​🇹  ​🇹  🇪  ​🇸  ​🇹","titulo":"Albionghjghg","img":"https://chat.whatsapp.com/Cmm3T5KPhxI2IUPfXZJPhl","messege":"Invalido","time1":"12/05 13:18:37","contype":"0","desc":"Não registrado"},{"numero":"5516999469735","name":"albionlsllss","idade":"18","Nome_Do_grupo":"🇧  🇴  ​🇹  ​🇹  🇪  ​🇸  ​🇹","titulo":"Albionghjghg","img":"https://chat.whatsapp.com/Cmm3T5KPhxI2IUPfXZJPhl","messege":"Invalido","time1":"12/05 13:19:37","contype":"0","desc":"Não registrado"}]