[{"numero":"19497446650","name":"dkkdk","Nome_do_grupo":"Tsk","time1":"18/08 15:49:17","contype":"0","desc":"Não registrado"},{"numero":"558888625538","name":"ALAN","idade":"17","Nome_do_grupo":"Albion Central 2.1","time1":"21/08 13:04:04","contype":"0","desc":"Não registrado"},{"numero":"5516999469735","name":"albion","idade":"1000","Nome_do_grupo":"∆[GRUPO DE TEST]∆","time1":"11/09 18:14:16","contype":"0","desc":"Não registrado"},{"numero":"557498193736","name":"Hayan ","idade":" 21","Nome_do_grupo":"∆[GRUPO DE TEST]∆","time1":"11/09 18:41:15","contype":"0","desc":"Não registrado"},{"numero":"15614626100","name":"꧁❦𝕃̷𝕦̷𝕔̷𝕚̷𝕗̷𝕖̷𝕣̷❦꧂BØT","idade":"16","Nome_do_grupo":"∆[GRUPO DE TEST]∆","time1":"11/09 18:42:38","contype":"0","desc":"Não registrado"},{"numero":"12362373317","name":"Gasousa","idade":"infinity","Nome_do_grupo":"∆[GRUPO DE TEST]∆","time1":"11/09 18:43:50","contype":"0","desc":"Não registrado"},{"numero":"56945478563","name":"JavierKun","Nome_do_grupo":"∆[GRUPO DE TEST]∆","time1":"11/09 19:32:33","contype":"0","desc":"Não registrado"},{"numero":"558894423227","name":"scooby bot/16","Nome_do_grupo":"🏛️Central Albion Desenvolvedor 1","time1":"12/09 15:39:29","contype":"0","desc":"Não registrado"},{"numero":"558893014305","name":"Lucas/16","Nome_do_grupo":"🏛️Central Albion Desenvolvedor 1","time1":"12/09 15:41:21","contype":"0","desc":"Não registrado"},{"numero":"48699519031","name":"Albion segudario","idade":"80","Nome_do_grupo":"∆[GRUPO DE ADM's]∆","time1":"12/09 16:02:10","contype":"0","desc":"Não registrado"},{"numero":"5516974047979","name":"luisinho","idade":"14","Nome_do_grupo":" ∆[GRUPO DE TEST]∆","time1":"18/09 11:40:31","contype":"0","desc":"Não registrado"}]