[{"jid":"5516999469735@s.whatsapp.net","xp":18579124293,"level":393},{"jid":"994406830297@s.whatsapp.net","xp":30501,"level":3},{"jid":"13433126879@s.whatsapp.net","xp":6501,"level":2},{"jid":"5517996611342@s.whatsapp.net","xp":18501,"level":3},{"jid":"555191389678@s.whatsapp.net","xp":12001,"level":2},{"jid":"557191006892@s.whatsapp.net","xp":23001,"level":3},{"jid":"553499470095@s.whatsapp.net","xp":2001,"level":1},{"jid":"559684239596@s.whatsapp.net","xp":1001,"level":1},{"jid":"13433010996@s.whatsapp.net","xp":2001,"level":1},{"jid":"14502351821@s.whatsapp.net","xp":1001,"level":1},{"jid":"5511969765408@s.whatsapp.net","xp":17001,"level":3},{"jid":"559193750447@s.whatsapp.net","xp":501,"level":1},{"jid":"244923862276@s.whatsapp.net","xp":1001,"level":1},{"jid":"554299947587@s.whatsapp.net","xp":1001,"level":1},{"jid":"994406037183@s.whatsapp.net","xp":2001,"level":1},{"jid":"5511949436603@s.whatsapp.net","xp":501,"level":1},{"jid":"5522998896041@s.whatsapp.net","xp":501,"level":1},{"jid":"553588350182@s.whatsapp.net","xp":501,"level":1},{"jid":"14509244680@s.whatsapp.net","xp":501,"level":1},{"jid":"994404501799@s.whatsapp.net","xp":2001,"level":1},{"jid":"556299576215@s.whatsapp.net","xp":16501,"level":3},{"jid":"5513981617087@s.whatsapp.net","xp":1501,"level":1},{"jid":"556493214513@s.whatsapp.net","xp":16001,"level":3},{"jid":"558184493849@s.whatsapp.net","xp":2001,"level":1},{"jid":"557399488860@s.whatsapp.net","xp":6501,"level":2},{"jid":"5527996961367@s.whatsapp.net","xp":17001,"level":3},{"jid":"14387930991@s.whatsapp.net","xp":4501,"level":1},{"jid":"5511950446735@s.whatsapp.net","xp":9001,"level":2},{"jid":"556999921979@s.whatsapp.net","xp":19001,"level":3},{"jid":"5524999596722@s.whatsapp.net","xp":11001,"level":2},{"jid":"554195697159@s.whatsapp.net","xp":501,"level":1},{"jid":"558186734655@s.whatsapp.net","xp":501,"level":1}]