[{"numero":"5516999469735","name":"ALBION","idade":"18","time1":"10/04 13:43:46","date1":"10,04,21","contype":"Free","desc":" albion o bot"},{"numero":"558599940365","name":"GF","idade":"54","Nome_do_grupo":"👁️💻ℂ𝔼ℕ𝕋ℝ𝔸𝕃 𝔻𝔼 ℂ𝕆𝕄𝔸ℕ𝔻𝕆𝕊💻👁️","time1":"10/04 14:33:00","contype":"Free","desc":"Não registrado"},{"numero":"558994145396","name":"Black","idade":"15","Nome_do_grupo":"👁️💻ℂ𝔼ℕ𝕋ℝ𝔸𝕃 𝔻𝔼 ℂ𝕆𝕄𝔸ℕ𝔻𝕆𝕊💻👁️","time1":"10/04 14:50:40","contype":"Free","desc":"Não registrado"},{"numero":"5511969765408","name":"kdndhsosnhwo","idade":"17","Nome_do_grupo":"👁️💻ℂ𝔼ℕ𝕋ℝ𝔸𝕃 𝔻𝔼 ℂ𝕆𝕄𝔸ℕ𝔻𝕆𝕊💻👁️","time1":"10/04 15:24:12","contype":"Free","desc":"Não registrado"},{"numero":"994404501799","name":"eu","idade":"você","Nome_do_grupo":"👁️💻ℂ𝔼ℕ𝕋ℝ𝔸𝕃 𝔻𝔼 ℂ𝕆𝕄𝔸ℕ𝔻𝕆𝕊💻👁️","time1":"10/04 20:36:45","contype":"Free","desc":"Não registrado"},{"numero":"5524999596722","name":"Você","idade":"666","Nome_do_grupo":"👁️💻ℂ𝔼ℕ𝕋ℝ𝔸𝕃 𝔻𝔼 ℂ𝕆𝕄𝔸ℕ𝔻𝕆𝕊💻👁️","time1":"10/04 20:45:39","contype":"Free","desc":"Não registrado"}]